scene,start,end,duration,image
01,0.000,8.994,8.994,images/final/scene_01.jpg
02,8.994,17.988,8.994,images/final/scene_02.jpg
03,17.988,27.981,9.993,images/final/scene_03.jpg
04,27.981,35.976,7.995,images/final/scene_04.jpg
05,35.976,44.970,8.994,images/final/scene_05.jpg
06,44.970,54.963,9.993,images/final/scene_06.jpg
07,54.963,63.957,8.994,images/final/scene_07.jpg
08,63.957,72.951,8.994,images/final/scene_08.jpg
09,72.951,81.945,8.994,images/final/scene_09.jpg
10,81.945,90.939,8.994,images/final/scene_10.jpg
11,90.939,98.934,7.995,images/final/scene_11.jpg
12,98.934,107.928,8.994,images/final/scene_12.jpg
13,107.928,116.922,8.994,images/final/scene_13.jpg
14,116.922,125.916,8.994,images/final/scene_14.jpg
15,125.916,134.910,8.994,images/final/scene_15.jpg
16,134.910,143.904,8.994,images/final/scene_16.jpg
17,143.904,152.898,8.994,images/final/scene_17.jpg
18,152.898,160.892,7.995,images/final/scene_18.jpg
19,160.892,169.886,8.994,images/final/scene_19.jpg
20,169.886,178.880,8.994,images/final/scene_20.jpg
21,178.880,187.874,8.994,images/final/scene_21.jpg
22,187.874,196.868,8.994,images/final/scene_22.jpg
23,196.868,205.862,8.994,images/final/scene_23.jpg
24,205.862,213.857,7.995,images/final/scene_24.jpg
25,213.857,222.851,8.994,images/final/scene_25.jpg
26,222.851,231.845,8.994,images/final/scene_26.jpg
27,231.845,240.839,8.994,images/final/scene_27.jpg
28,240.839,249.833,8.994,images/final/scene_28.jpg
29,249.833,258.827,8.994,images/final/scene_29.jpg
30,258.827,266.822,7.995,images/final/scene_30.jpg
31,266.822,275.816,8.994,images/final/scene_31.jpg
32,275.816,284.810,8.994,images/final/scene_32.jpg
33,284.810,293.804,8.994,images/final/scene_33.jpg
34,293.804,302.798,8.994,images/final/scene_34.jpg
35,302.798,311.791,8.994,images/final/scene_35.jpg
36,311.791,320.785,8.994,images/final/scene_36.jpg
37,320.785,328.780,7.995,images/final/scene_37.jpg
38,328.780,337.774,8.994,images/final/scene_38.jpg
39,337.774,346.768,8.994,images/final/scene_39.jpg
40,346.768,355.762,8.994,images/final/scene_40.jpg
41,355.762,364.756,8.994,images/final/scene_41.jpg
42,364.756,373.750,8.994,images/final/scene_42.jpg
43,373.750,381.745,7.995,images/final/scene_43.jpg
44,381.745,390.739,8.994,images/final/scene_44.jpg
45,390.739,406.728,15.989,images/final/scene_45.jpg
